periodo_covid,intensidad_media,intensidad_mediana
2ยบ estado de alarma,356.06457181126797,155.0
Confinamiento,173.86094833820454,73.0
Desescalada,321.1494896436997,148.0
Post-restricciones,360.09011012025906,171.0
Pre-COVID,425.74654332369505,199.0
